{"x_off_std": [0.22236347473228082, 0.2831396051154585, 0.29924071387451157, 0.4097712489912579, 0.6469540826906626, 0.8341890021698447, 1.0570701915971485, 1.264636806338852, 1.4737264390929075, 1.9542539145676767, 2.5274311068472604, 3.1528718121595576, 3.8355868418990435, 4.498774596268156, 5.202008289391437, 6.513497628201119, 7.58602200464248, 8.677393850490787, 9.739053276227265, 10.637162358725996], "z_std": [0.0029544543627905593, 0.023587949384813053, 0.04600810860038393, 0.08013353832010421, 0.15800621060417633, 0.2337272296990643, 0.270889792772302, 0.3179208890608152, 0.3453918431529434, 0.3423957980915719, 0.3710630232074325, 0.4298612381618933, 0.46581997543870685, 0.4971398520966093, 0.5384634418161933, 0.5922137441325919, 0.5898120770592401, 0.5554384363303707, 0.5453051178624079, 0.5551659371758547]}
